,Category,Description,Nutrient Data Bank Number,Data.Alpha Carotene,Data.Beta Carotene,Data.Beta Cryptoxanthin,Data.Carbohydrate,Data.Cholesterol,Data.Choline,Data.Fiber,Data.Lutein and Zeaxanthin,Data.Lycopene,Data.Niacin,Data.Protein,Data.Retinol,Data.Riboflavin,Data.Selenium,Data.Sugar Total,Data.Thiamin,Data.Water,Data.Fat.Monosaturated Fat,Data.Fat.Polysaturated Fat,Data.Fat.Saturated Fat,Data.Fat.Total Lipid,Data.Major Minerals.Calcium,Data.Major Minerals.Copper,Data.Major Minerals.Iron,Data.Major Minerals.Magnesium,Data.Major Minerals.Phosphorus,Data.Major Minerals.Potassium,Data.Major Minerals.Sodium,Data.Major Minerals.Zinc,Data.Vitamins.Vitamin A - RAE,Data.Vitamins.Vitamin B12,Data.Vitamins.Vitamin B6,Data.Vitamins.Vitamin C,Data.Vitamins.Vitamin E,Data.Vitamins.Vitamin K,cluster
363,Milk,"Milk, dry, not reconstituted, NS as to fat content",11810000,0,1,0,51.98,20,169.2,0.0,0,0,0.951,36.16,653,1.55,27.3,51.98,0.415,3.16,0.2,0.03,0.499,0.77,1257,0.041,0.32,110,968,1794,535,4.08,653,4.03,0.361,6.8,0.0,0.1,3
365,Milk,"Milk, dry, not reconstituted, low fat (1%)",11812000,0,3,0,51.46,22,167.7,0.0,0,0,0.942,35.8,655,1.535,27.0,51.46,0.411,3.13,0.482,0.066,1.107,1.75,1245,0.041,0.32,109,958,1776,530,4.04,655,3.99,0.357,6.7,0.03,0.2,3
366,Milk,"Milk, dry, not reconstituted, fat free (skim)",11813000,0,1,0,51.98,20,169.2,0.0,0,0,0.951,36.16,653,1.55,27.3,51.98,0.415,3.16,0.2,0.03,0.499,0.77,1257,0.041,0.32,110,968,1794,535,4.08,653,4.03,0.361,6.8,0.0,0.1,3
367,Whey,"Whey, sweet, dry",11825000,0,2,0,74.46,6,225.0,0.0,0,0,1.258,12.93,8,2.208,27.2,74.46,0.519,3.19,0.297,0.034,0.684,1.07,796,0.07,0.88,176,932,2080,1079,1.97,8,2.37,0.584,1.5,0.02,0.1,3
368,Cocoa powder,"Cocoa powder, not reconstituted",11830150,0,0,0,57.9,0,12.0,37.0,38,0,2.185,19.6,0,0.241,14.3,1.75,0.078,3.0,4.57,0.44,8.07,13.7,128,3.788,13.86,499,734,1524,21,6.81,0,0.0,0.118,0.0,0.1,2.5,3
370,Chocolate beverage powder,"Chocolate beverage powder, light, dry mix, not reconstituted",11830165,0,0,0,68.31,0,266.9,9.1,0,0,25.6,9.09,0,0.35,21.8,27.27,1.5,7.4,2.119,1.831,0.0,4.5,909,1.818,3.27,410,500,1705,500,13.64,0,0.0,1.818,54.5,0.0,0.0,3
371,Milk,"Milk, malted, dry mix, not reconstituted",11830260,0,0,0,92.96,0,0.0,0.0,0,0,18.182,0.0,1365,0.0,0.0,72.73,1.364,1.28,0.0,0.0,0.0,0.0,909,1.818,16.36,218,0,0,530,13.64,1365,0.0,1.818,54.5,12.27,0.0,3
1145,Chicken liver,"Chicken liver, braised",25110420,11,30,11,0.86,558,287.6,0.0,82,21,10.953,24.26,3945,1.976,81.7,0.0,0.289,66.26,1.404,1.971,2.043,6.46,11,0.492,11.53,25,402,261,398,3.95,3948,16.71,0.749,27.7,0.81,0.0,3
1146,Chicken liver,"Chicken liver, fried",25110450,9,48,9,6.41,392,199.5,0.2,1,34,9.231,19.98,2803,1.851,64.5,0.02,0.286,62.74,2.703,2.385,2.562,8.66,11,0.57,10.04,20,312,230,443,3.08,2809,15.07,0.584,16.3,0.99,1.7,3
1221,Liverwurst,Liverwurst,25230560,0,0,0,3.1,180,255.9,0.0,0,0,8.368,14.5,4220,1.525,58.0,0.0,0.249,50.6,12.731,3.193,9.307,28.5,9,0.24,11.2,11,168,199,977,2.81,4220,20.09,0.33,0.0,0.35,1.6,3
1528,Tuna,"Tuna, fresh, dried",26153170,0,0,0,0.0,122,203.1,0.0,0,0,54.848,76.25,51,0.341,283.1,0.0,0.332,18.84,0.363,0.459,0.538,1.53,12,0.112,2.41,109,869,1378,141,1.16,51,5.85,2.624,0.0,0.75,0.3,3
1571,Octopus,"Octopus, dried",26205170,0,0,0,8.34,182,246.4,0.0,0,0,7.563,56.52,145,0.121,169.8,0.0,0.102,24.0,0.614,0.906,0.861,3.94,201,1.649,20.09,114,705,1327,1312,6.37,145,72.03,1.296,18.0,4.55,0.4,3
1626,Oysters,"Oysters, steamed",26315130,0,0,0,5.42,80,129.4,0.0,0,0,1.658,11.37,23,0.17,39.2,1.24,0.034,77.3,0.504,1.051,0.944,3.4,118,4.837,8.26,36,145,280,509,78.26,23,15.68,0.056,0.0,1.69,2.0,3
1630,Oysters,"Oysters, canned",26315180,0,0,0,4.25,60,88.0,0.0,0,0,1.352,7.67,98,0.18,38.9,0.0,0.163,83.85,0.272,0.803,0.686,2.68,49,4.849,7.28,59,151,249,122,98.86,98,20.79,0.103,5.4,0.92,0.1,3
1631,Oysters,"Oysters, smoked",26315190,0,0,0,4.38,64,104.7,0.0,0,0,1.416,9.2,20,0.145,31.7,1.0,0.028,81.14,0.408,0.851,0.764,2.76,96,4.605,7.43,29,156,251,605,63.32,20,14.1,0.047,0.0,1.37,1.6,3
1885,Oyster fritter,Oyster fritter,27250220,0,1,1,5.22,82,88.8,0.2,52,0,1.056,6.93,80,0.173,30.2,0.39,0.125,69.57,4.547,7.809,2.793,16.22,45,3.28,5.24,42,129,193,420,66.7,80,11.99,0.086,3.1,1.68,24.3,3
2075,Stewed variety meats,"Stewed variety meats, mostly liver, Puerto Rican style",27361010,29,231,17,5.74,201,182.0,1.0,92,510,7.442,15.78,3649,1.369,19.4,1.94,0.106,74.39,0.514,0.513,1.255,2.49,15,5.586,3.13,15,232,278,337,2.73,3670,27.45,0.491,21.1,0.46,4.8,3
2955,Textured vegetable protein,"Textured vegetable protein, dry",41440000,0,24,0,33.92,0,11.3,17.5,0,0,2.612,51.46,0,0.253,1.7,16.42,0.698,7.25,0.208,0.533,0.136,1.22,241,4.065,9.24,290,674,2384,20,2.46,2,0.0,0.574,0.0,0.12,4.1,3
3054,Peanut butter,"Peanut butter, vitamin and mineral fortified",42202200,0,0,0,18.75,0,63.3,5.6,0,0,13.369,25.72,1172,0.105,7.5,10.47,0.083,1.47,24.832,13.847,10.125,50.81,43,1.64,16.6,355,368,667,420,14.4,1172,0.0,2.23,0.0,43.2,0.6,3
3715,Cereal or granola bar (Kellogg's Nutri-Grain Cereal Bar),Cereal or granola bar (Kellogg's Nutri-Grain Cereal Bar),53710500,4,8,2,67.61,0,11.2,3.0,37,0,19.267,4.22,603,2.067,5.6,28.98,1.153,16.7,1.989,4.544,1.442,8.67,576,0.142,6.14,37,134,247,354,5.24,604,0.0,1.833,7.8,0.93,15.3,3
3716,Cereal or granola bar (Kellogg's Nutri-Grain Yogurt Bar),Cereal or granola bar (Kellogg's Nutri-Grain Yogurt Bar),53710502,4,8,2,67.61,0,11.2,3.0,37,0,19.267,4.22,603,2.067,5.6,28.98,1.153,16.7,1.989,4.544,1.442,8.67,576,0.142,6.14,37,134,247,354,5.24,604,0.0,1.833,7.8,0.93,15.3,3
3749,Nutrition bar (Balance Original Bar),Nutrition bar (Balance Original Bar),53720100,0,10,0,48.73,1,91.2,3.1,0,0,8.991,28.0,1495,1.708,23.3,34.89,1.628,7.76,8.115,1.969,1.149,12.0,543,0.771,10.9,119,465,678,253,3.52,1496,1.24,0.89,11.2,5.84,1.3,3
3752,Nutrition bar (PowerBar),Nutrition bar (PowerBar),53720300,0,0,0,69.63,0,18.4,5.7,0,0,32.6,14.15,0,1.92,7.8,30.07,8.06,9.83,1.05,0.589,1.32,3.11,504,1.43,11.7,248,614,362,308,9.96,0,5.6,2.2,92.3,8.28,1.1,3
3753,Nutrition bar (Slim Fast Original Meal Bar),Nutrition bar (Slim Fast Original Meal Bar),53720400,0,0,0,60.21,7,40.6,5.1,0,0,21.2,16.19,940,1.9,46.7,25.0,1.7,10.87,2.428,1.132,5.36,8.92,668,0.284,4.98,250,673,289,253,5.73,940,7.9,2.1,96.6,6.0,129.3,3
3754,Nutrition bar (Snickers Marathon Protein Bar),Nutrition bar (Snickers Marathon Protein Bar),53720500,0,10,0,50.5,6,1.7,12.5,0,0,25.0,25.0,651,2.125,3.9,28.75,1.875,9.0,2.645,2.892,6.25,12.5,625,0.977,10.13,175,375,188,238,6.56,652,7.5,2.5,75.0,16.88,10.4,3
3755,Nutrition bar (South Beach Living Meal Bar),Nutrition bar (South Beach Living Meal Bar),53720600,0,0,0,60.21,7,40.6,5.1,0,0,21.2,16.19,940,1.9,46.7,25.0,1.7,10.87,2.428,1.132,5.36,8.92,668,0.284,4.98,250,673,289,253,5.73,940,7.9,2.1,96.6,6.0,129.3,3
3757,Nutrition bar (Tiger's Milk),Nutrition bar (Tiger's Milk),53720700,0,0,0,56.46,2,42.3,2.3,0,0,4.039,16.8,1,0.319,5.9,36.4,1.47,10.28,7.907,3.678,2.073,14.29,429,0.269,10.28,336,560,294,168,1.44,1,4.2,1.68,16.8,2.48,4.6,3
3758,Nutrition bar (Zone Perfect Classic Crunch),Nutrition bar (Zone Perfect Classic Crunch),53720800,0,0,0,45.0,8,73.0,2.0,2,0,20.0,30.0,1050,1.7,3.9,27.0,0.75,7.0,3.828,4.804,4.499,14.0,200,0.774,3.6,80,300,250,444,7.5,1050,4.2,2.0,120.0,24.0,1.6,3
3759,Nutrition bar or meal replacement bar,"Nutrition bar or meal replacement bar, NFS",53729000,0,0,0,45.0,8,73.0,2.0,2,0,20.0,30.0,1050,1.7,3.9,27.0,0.75,7.0,3.828,4.804,4.499,14.0,200,0.774,3.6,80,300,250,444,7.5,1050,4.2,2.0,120.0,24.0,1.6,3
3760,Cereal bar with fruit filling,"Cereal bar with fruit filling, baby food",53801000,0,166,0,68.63,1,13.9,1.7,33,0,11.842,5.43,0,1.053,14.1,42.0,0.921,14.0,3.107,1.541,0.453,5.3,1053,0.082,13.16,19,247,180,157,0.59,14,0.19,1.105,2.4,0.9,4.1,3
3762,Cookie,"Cookie, baby food",53803100,0,1,0,67.1,12,28.3,0.2,9,0,15.966,11.8,6,3.229,17.2,24.2,1.459,5.9,5.99,2.878,2.352,13.2,101,0.074,4.18,49,179,501,300,1.1,6,0.46,5.899,7.0,0.46,1.1,3
3825,Gerber Finger Foods,"Gerber Finger Foods, Puffs, baby food",54350010,0,0,0,76.68,0,22.9,2.3,11,0,11.25,6.4,0,1.6,37.5,28.0,1.4,3.7,3.13,3.638,1.646,9.9,400,0.22,22.5,27,709,114,0,4.0,0,0.0,0.05,10.0,3.9,15.0,3
3826,Finger Foods,"Finger Foods, Puffs, baby food",54350020,0,6,4,85.79,0,11.5,3.8,45,0,28.767,6.19,0,2.267,6.2,17.84,1.563,3.62,0.306,0.527,0.143,2.3,535,0.213,24.74,60,448,196,13,17.46,1,0.0,1.8,1.3,10.33,1.3,3
4179,Cereal,"Cereal, oat, NFS",57000100,0,0,0,73.2,0,26.2,10.1,159,0,17.9,12.4,990,0.1,24.9,4.5,1.3,3.76,2.3,2.4,1.6,6.6,357,0.387,28.9,114,357,633,497,13.4,990,6.77,1.79,21.4,0.41,2.0,3
4180,Cereal,"Cereal, ready-to-eat, NFS",57100100,1,6,10,79.47,0,18.2,7.1,250,0,21.567,9.05,799,1.126,16.4,22.17,1.667,3.55,1.373,1.486,0.938,4.81,292,0.246,25.44,79,269,416,514,11.41,800,7.36,2.403,22.1,0.35,1.7,3
4181,Cereal (Kellogg's All-Bran),Cereal (Kellogg's All-Bran),57101000,0,4,0,74.24,0,49.4,29.3,192,0,14.8,13.14,522,2.71,9.4,15.69,2.27,2.12,0.89,2.0,1.1,4.9,389,1.04,17.6,362,1150,1020,258,12.4,522,18.8,12.0,20.0,1.19,5.2,3
4182,Cereal (Post Alpha-Bits),Cereal (Post Alpha-Bits),57103000,11,16,0,80.3,0,25.6,7.1,334,0,16.7,10.0,739,1.4,20.9,21.0,1.3,1.2,1.5,1.8,1.1,4.6,35,0.3,30.0,99,309,267,592,5.0,741,5.0,1.7,20.0,0.31,1.4,3
4183,Cereal (General Mills Cheerios Apple Cinnamon),Cereal (General Mills Cheerios Apple Cinnamon),57103100,0,3,2,79.9,0,17.7,7.3,104,0,16.7,8.3,498,1.39,18.8,34.2,1.29,2.29,2.79,1.89,1.1,6.09,333,0.251,15.0,80,267,248,390,12.5,498,5.0,1.66,20.0,0.68,3.1,3
4184,Cereal (Kellogg's Apple Jacks),Cereal (Kellogg's Apple Jacks),57104000,10,15,0,88.2,0,7.5,9.3,276,0,17.9,5.1,526,1.52,5.6,43.7,1.34,2.5,0.6,0.9,1.9,3.4,12,0.098,16.1,29,70,112,466,5.4,527,5.4,1.79,54.0,0.12,0.4,3
4185,Cereal (Post Great Grains Banana Nut Crunch),Cereal (Post Great Grains Banana Nut Crunch),57106050,3,7,0,70.9,0,20.3,11.2,124,0,8.5,9.8,377,0.7,32.0,17.5,0.6,5.6,3.78,3.44,1.1,8.8,44,0.36,28.0,98,279,349,238,2.5,378,2.5,0.8,0.1,1.64,3.6,3
4186,Cereal (General Mills Cheerios Banana Nut),Cereal (General Mills Cheerios Banana Nut),57106060,36,54,0,84.69,0,14.7,6.1,811,0,17.89,5.5,500,1.5,11.0,33.09,1.29,2.2,1.2,1.89,0.69,4.0,357,0.166,16.1,57,214,255,533,13.39,506,5.4,1.78,53.6,0.53,1.2,3
4187,Cereal (General Mills Cheerios Berry Burst),Cereal (General Mills Cheerios Berry Burst),57106260,7,12,0,80.5,0,27.4,7.6,262,0,18.5,8.8,548,1.6,18.5,27.0,1.4,2.04,1.6,1.6,1.0,4.5,370,0.253,16.7,89,222,230,639,13.9,549,5.6,1.852,22.2,0.44,4.1,3
4188,Cereal (Quaker Cap'n Crunch),Cereal (Quaker Cap'n Crunch),57117000,44,67,0,85.51,0,8.6,2.5,645,0,21.465,4.39,0,1.822,6.5,44.32,1.614,2.5,0.639,0.747,3.346,5.12,11,0.111,19.42,55,167,186,754,16.16,7,0.0,2.138,0.0,0.62,0.6,3
4189,Cereal (Quaker Christmas Crunch),Cereal (Quaker Christmas Crunch),57117500,18,32,0,85.92,0,8.6,2.6,521,0,21.736,4.44,24,1.846,6.5,44.31,1.635,2.5,0.627,0.751,3.081,4.83,11,0.151,19.78,55,168,186,724,16.36,27,0.0,2.179,0.1,0.42,1.1,3
4190,Cereal (Quaker Cap'n Crunch's Crunchberries),Cereal (Quaker Cap'n Crunch's Crunchberries),57119000,0,89,0,85.93,0,8.6,2.6,538,0,20.75,4.45,0,1.8,10.4,44.2,1.6,2.5,0.63,0.75,3.08,4.83,11,0.119,19.8,55,168,187,725,15.56,7,0.0,2.14,0.1,0.63,0.6,3
4191,Cereal (Quaker Cap'n Crunch's Peanut Butter Crunch),Cereal (Quaker Cap'n Crunch's Peanut Butter Crunch),57120000,44,68,0,78.65,0,14.7,2.7,850,0,20.36,7.1,0,1.732,7.5,33.36,1.53,2.5,2.641,2.148,3.92,9.23,9,0.111,18.36,69,194,236,742,15.29,8,0.0,2.038,0.0,0.61,0.2,3
4192,Cereal (General Mills Cheerios),Cereal (General Mills Cheerios),57123000,0,0,0,73.2,0,26.2,10.1,159,0,17.9,12.4,990,0.1,24.9,4.5,1.3,3.76,2.3,2.4,1.6,6.6,357,0.387,28.9,114,357,633,497,13.4,990,6.77,1.79,21.4,0.41,2.0,3
4193,Cereal (General Mills Chex Chocolate),Cereal (General Mills Chex Chocolate),57124030,0,0,0,81.09,0,12.9,2.0,1,0,14.3,4.8,429,1.2,13.8,26.2,1.1,2.19,5.0,1.6,1.6,8.39,286,0.25,25.7,29,143,186,629,10.69,429,4.3,1.42,17.1,1.69,4.9,3
4194,Cereal (General Mills Chex Cinnamon),Cereal (General Mills Chex Cinnamon),57124050,0,1,2,82.4,0,12.4,2.4,3,0,16.7,5.0,749,1.39,13.8,26.1,1.29,2.31,4.3,1.2,0.6,6.59,333,0.211,27.0,27,67,126,605,12.5,749,5.0,1.66,20.0,1.51,5.3,3
4195,Cereal (General Mills Cheerios Chocolate),Cereal (General Mills Cheerios Chocolate),57124100,27,41,0,83.5,0,17.4,6.2,617,0,18.5,5.8,529,1.6,13.2,34.09,1.39,2.2,1.6,2.2,1.0,5.09,370,0.245,16.7,59,222,282,556,13.89,533,5.59,1.85,55.6,0.59,1.8,3
4196,Cereal,"Cereal, chocolate flavored, frosted, puffed corn",57124200,0,0,0,87.2,0,4.5,3.8,0,0,17.637,3.34,1324,1.499,6.5,43.7,1.323,3.42,2.079,0.231,0.961,3.5,70,0.24,15.87,36,141,176,534,0.56,1324,5.29,1.764,52.9,0.11,0.6,3
4197,Cereal (General Mills Lucky Charms Chocolate),Cereal (General Mills Lucky Charms Chocolate),57124300,36,55,0,84.4,0,12.6,5.3,754,0,17.89,5.59,499,1.5,9.9,36.79,1.29,2.29,2.1,1.6,0.6,4.4,357,0.212,16.1,57,214,249,539,13.39,505,5.4,1.78,21.4,0.57,1.5,3
4198,Cereal (General Mills Cinnamon Toast Crunch),Cereal (General Mills Cinnamon Toast Crunch),57125000,0,4,2,77.99,0,13.1,6.8,85,0,24.533,5.45,918,2.067,4.7,30.3,2.467,3.24,4.92,2.11,0.975,10.25,444,0.192,20.48,54,199,201,567,18.12,918,6.65,2.7,19.4,2.14,9.4,3
4199,Cereal (General Mills 25% Less Sugar Cinnamon Toast Crunch),Cereal (General Mills 25% Less Sugar Cinnamon Toast Crunch),57125010,2,5,1,78.19,0,12.4,11.2,181,0,14.3,5.09,425,1.2,6.9,21.39,1.1,2.5,6.5,2.09,1.0,9.89,714,0.154,12.89,57,357,167,565,10.69,426,4.3,1.42,17.1,1.74,7.8,3
4201,Cereal (Kellogg's Cocoa Krispies),Cereal (Kellogg's Cocoa Krispies),57126000,0,0,0,87.9,0,8.7,1.4,0,0,16.1,4.6,1210,1.37,16.1,38.6,1.21,2.81,0.3,0.1,2.1,2.7,127,0.332,14.5,38,102,197,424,5.0,1210,4.8,1.61,48.0,10.8,0.1,3
4202,Cereal (Post Cocoa Pebbles),Cereal (Post Cocoa Pebbles),57127000,0,0,0,85.7,0,3.8,1.6,1,0,17.2,4.8,776,1.5,14.0,35.8,1.3,2.5,0.2,0.1,3.6,4.1,22,0.3,6.2,31,95,193,594,5.2,776,5.2,1.7,0.0,0.13,1.3,3
4203,Cereal (General Mills Cocoa Puffs),Cereal (General Mills Cocoa Puffs),57128000,34,52,0,83.7,0,12.2,5.7,735,0,18.5,5.6,521,1.6,6.5,37.2,1.4,1.8,1.7,2.1,1.0,5.2,370,0.148,16.7,59,222,272,564,13.9,527,5.6,1.852,22.2,0.7,2.1,3
4204,Cereal (General Mills Cookie Crisp),Cereal (General Mills Cookie Crisp),57130000,37,57,0,84.5,0,12.8,5.1,803,0,19.2,5.2,539,1.6,7.3,34.8,1.4,2.3,1.4,1.7,0.8,4.4,385,0.213,17.3,31,154,231,457,14.4,546,5.8,1.923,23.1,0.57,1.5,3
4205,Cereal (General Mills Chex Corn),Cereal (General Mills Chex Corn),57132000,52,79,0,85.0,0,12.9,4.7,1223,0,16.1,6.4,431,1.39,12.0,11.1,1.2,2.5,0.6,1.29,0.4,2.4,323,0.143,26.1,26,129,197,719,12.1,440,4.8,1.61,19.4,0.25,0.1,3
4206,Cereal,"Cereal, corn flakes",57134000,54,83,0,84.1,0,8.7,3.3,339,0,17.9,7.5,481,1.52,8.3,9.5,1.34,3.76,0.067,0.196,0.116,0.4,5,0.198,28.9,39,102,168,729,1.0,490,5.0,1.79,21.0,0.12,0.0,3
4207,Cereal (Kellogg's Corn Flakes),Cereal (Kellogg's Corn Flakes),57135000,54,83,0,84.1,0,8.7,3.3,339,0,17.9,7.5,481,1.52,8.3,9.5,1.34,3.76,0.067,0.196,0.116,0.4,5,0.198,28.9,39,102,168,729,1.0,490,5.0,1.79,21.0,0.12,0.0,3
4208,Cereal,"Cereal, corn puffs",57137000,52,80,0,82.82,0,15.3,8.8,1236,0,24.25,7.69,870,2.0,8.5,9.76,1.955,2.79,0.99,1.277,0.576,3.46,570,0.142,32.0,51,189,223,596,17.42,879,5.7,2.3,25.4,0.3,0.2,3
4209,Cereal (General Mills Count Chocula),Cereal (General Mills Count Chocula),57139000,35,53,0,84.5,0,13.1,5.0,772,0,18.5,5.4,521,1.6,6.5,33.09,1.39,1.89,2.29,1.6,0.6,4.69,370,0.148,16.7,30,222,228,488,13.89,526,5.59,1.85,22.2,0.62,1.7,3
4212,Cereal (Kellogg's Crispix),Cereal (Kellogg's Crispix),57148000,0,39,34,87.19,0,6.0,1.0,196,0,24.1,6.59,489,2.04,12.4,12.8,1.8,3.0,0.2,0.3,0.2,0.8,9,0.205,28.0,13,45,71,660,5.19,494,6.19,2.41,21.0,0.1,0.1,3
4213,Cereal,"Cereal, crispy rice",57151000,0,0,0,86.22,0,6.0,0.7,0,0,28.967,6.69,1136,1.288,18.0,12.12,2.05,3.62,0.243,0.293,0.36,1.26,5,0.149,32.73,23,98,106,545,1.3,1136,5.45,1.937,64.5,0.06,0.0,3
4214,Cereal (General Mills Fiber One),Cereal (General Mills Fiber One),57206700,5,9,0,84.3,0,12.3,46.2,360,0,16.7,6.59,0,1.39,9.0,1.0,1.29,3.22,0.5,1.29,0.4,2.29,333,0.185,15.0,53,200,374,356,12.5,1,5.0,1.66,20.0,0.3,0.6,3
4215,Cereal (General Mills Fiber One Honey Clusters),Cereal (General Mills Fiber One Honey Clusters),57206710,0,0,0,83.9,0,27.4,19.0,255,0,19.2,7.69,0,1.6,35.0,17.79,1.2,2.68,0.2,0.69,0.4,2.59,192,0.35,31.2,77,192,372,394,14.39,0,2.9,1.92,11.5,0.62,1.2,3
4216,Cereal (General Mills Fiber One Raisin Bran Clusters),Cereal (General Mills Fiber One Raisin Bran Clusters),57206715,0,0,0,83.4,0,26.6,17.9,232,0,9.1,6.3,0,0.8,30.5,25.6,1.0,5.19,0.2,0.6,0.4,2.29,182,0.364,8.19,58,182,423,337,6.8,0,2.7,0.9,10.9,0.58,1.9,3
4217,Cereal,"Cereal, bran flakes",57207000,0,3,0,81.25,0,31.2,14.2,143,0,16.95,9.65,762,1.45,50.2,16.9,1.3,3.35,0.9,1.35,0.45,2.9,40,0.4,27.95,165,364,434,505,6.4,762,5.1,1.7,0.0,0.79,2.0,3
4218,Cereal (Kellogg's All-Bran Complete Wheat Flakes),Cereal (Kellogg's All-Bran Complete Wheat Flakes),57208000,0,0,0,81.6,0,35.0,17.3,159,0,69.0,10.2,776,5.86,10.5,18.8,5.17,2.5,0.4,1.3,0.4,2.5,39,0.5,62.1,138,517,518,718,51.7,776,21.0,6.9,207.0,46.35,1.4,3
4219,Cereal (Post Bran Flakes),Cereal (Post Bran Flakes),57209000,0,3,0,80.5,0,33.5,18.3,150,0,16.7,9.9,748,1.4,52.5,18.6,1.3,3.4,0.3,1.2,0.4,2.1,44,0.5,28.0,229,449,533,540,5.0,749,5.0,1.7,0.0,0.77,1.4,3
4220,Cereal (General Mills Frankenberry),Cereal (General Mills Frankenberry),57211000,41,63,0,85.4,0,10.9,4.2,956,0,15.19,5.5,413,1.29,19.8,27.29,1.1,1.89,2.09,1.39,0.5,4.3,303,0.129,13.6,24,182,163,458,11.39,420,4.5,1.51,18.2,0.77,1.2,3
4221,Cereal (Kellogg's Froot Loops),Cereal (Kellogg's Froot Loops),57213000,19,29,0,88.0,0,10.5,9.3,442,0,17.2,5.3,498,1.47,5.9,34.5,1.29,2.5,0.6,0.9,1.8,3.4,10,0.089,15.5,31,74,117,469,5.2,501,5.2,1.72,52.0,0.15,0.3,3
4222,Cereal (Kellogg's Froot Loops Marshmallow),Cereal (Kellogg's Froot Loops Marshmallow),57213010,12,19,0,89.3,0,5.8,7.4,283,0,17.2,4.59,505,1.47,8.5,49.9,1.28,2.5,0.5,0.69,1.5,2.79,9,0.086,15.5,25,65,95,393,5.19,507,5.19,1.72,52.0,0.3,0.6,3
4223,Cereal (General Mills Cheerios Frosted),Cereal (General Mills Cheerios Frosted),57213850,2,3,0,79.8,0,28.5,7.5,116,0,18.5,9.0,554,1.6,21.6,32.0,1.39,2.2,1.7,1.79,1.1,4.69,370,0.269,16.7,89,296,254,553,13.89,554,5.59,1.85,22.2,0.33,1.5,3
4224,Cereal (Kellogg's Frosted Mini-Wheats),Cereal (Kellogg's Frosted Mini-Wheats),57214000,0,4,0,83.4,0,25.3,10.8,167,0,8.6,9.2,0,0.73,4.1,20.3,0.65,4.8,0.2,0.9,0.4,1.6,28,0.35,28.0,86,368,363,2,2.7,0,2.6,0.86,0.0,0.67,1.6,3
4225,Cereal,"Cereal, frosted rice",57216000,0,0,0,91.3,0,3.6,0.5,0,0,16.7,4.3,1250,1.42,15.4,40.2,1.25,2.5,0.1,0.1,0.1,0.4,6,0.164,18.0,23,81,59,371,0.8,1250,5.0,1.67,50.0,11.25,0.1,3
4226,Cereal,"Cereal, fruit rings",57221700,24,37,0,85.94,0,5.8,2.2,625,0,15.63,4.69,444,1.33,9.9,45.31,1.16,2.5,1.47,0.976,0.687,3.2,313,0.064,28.12,24,78,104,453,11.72,448,4.69,1.55,18.8,0.01,0.1,3
4227,Cereal (General Mills Cheerios Fruity),Cereal (General Mills Cheerios Fruity),57221810,25,38,0,84.19,0,17.5,5.9,687,0,18.5,5.8,530,1.6,13.1,32.2,1.39,2.2,1.79,1.89,0.69,4.59,370,0.194,16.7,30,222,214,501,13.89,534,5.59,1.85,55.6,0.79,0.9,3
4228,Cereal (Post Fruity Pebbles),Cereal (Post Fruity Pebbles),57223000,0,0,0,86.1,0,3.7,0.8,0,0,18.52,4.62,833,1.57,10.2,34.28,1.39,3.0,0.16,0.12,3.6,4.02,19,0.14,6.67,16,71,72,531,5.56,833,5.56,1.85,22.2,0.13,1.3,3
4229,Cereal (General Mills Golden Grahams),Cereal (General Mills Golden Grahams),57224000,13,21,0,85.1,0,15.2,5.6,410,0,16.1,5.3,470,1.4,5.6,35.0,1.2,2.2,1.6,1.0,0.4,3.2,323,0.206,14.5,26,129,206,772,12.1,472,4.8,1.613,19.4,0.64,2.0,3
4233,Cereal (Post Grape-Nuts),Cereal (Post Grape-Nuts),57230000,0,2,0,80.49,0,31.9,13.0,166,0,8.62,11.22,0,0.12,9.1,8.86,0.65,3.5,0.21,0.78,0.34,1.81,32,0.34,28.0,124,467,400,465,2.07,0,0.0,0.86,0.1,0.62,2.0,3
4234,Cereal (Post Great Grains Raisins,"Cereal (Post Great Grains Raisins, Dates, and Pecans)",57231200,0,4,1,74.3,0,24.1,9.3,115,0,9.1,7.9,407,0.8,30.4,24.1,0.7,8.5,3.8,2.1,0.8,7.1,39,0.4,16.4,87,253,378,247,2.2,407,2.7,0.9,0.5,0.57,2.6,3
4235,Cereal (Post Honey Bunches of Oats Honey Roasted),Cereal (Post Honey Bunches of Oats Honey Roasted),57237100,4,16,28,81.19,0,13.4,4.2,445,0,17.8,7.12,803,1.25,7.3,19.79,1.223,5.0,2.831,1.307,0.64,5.46,23,0.59,34.82,50,156,209,454,5.03,806,9.67,2.64,0.0,1.22,3.0,3
4236,Cereal (Post Honey Bunches of Oats with Vanilla Bunches),Cereal (Post Honey Bunches of Oats with Vanilla Bunches),57237200,2,11,18,81.8,0,22.9,7.8,141,0,8.9,7.9,525,0.8,7.3,20.7,0.7,3.0,2.5,1.7,0.6,5.1,33,0.3,28.9,75,232,262,267,6.7,527,2.7,0.9,0.0,0.94,3.3,3
4237,Cereal (Post Honey Bunches of Oats with Almonds),Cereal (Post Honey Bunches of Oats with Almonds),57237300,28,43,0,79.6,0,21.4,5.5,630,0,15.6,7.7,675,1.3,12.0,20.0,1.2,2.9,4.0,2.1,0.8,7.3,35,0.2,33.8,61,172,211,417,0.9,680,4.7,1.6,0.0,1.86,3.1,3
4238,Cereal (Post Honeycomb),Cereal (Post Honeycomb),57238000,30,46,0,86.63,0,8.6,3.2,681,0,15.62,6.01,672,1.33,10.4,31.51,1.17,1.5,0.6,0.91,1.29,2.93,11,0.13,8.44,45,132,142,553,4.69,678,4.69,1.56,0.0,0.17,0.6,3
4239,Cereal (General Mills Chex Honey Nut),Cereal (General Mills Chex Honey Nut),57240100,44,67,0,86.67,0,11.3,3.9,1039,0,15.6,6.3,424,1.29,10.5,28.1,1.2,2.2,0.5,1.0,0.5,2.0,313,0.13,14.1,25,63,219,600,11.69,432,4.69,1.56,18.8,0.21,0.1,3
4240,Cereal (General Mills Cheerios Honey Nut),Cereal (General Mills Cheerios Honey Nut),57241000,0,1,0,79.69,0,20.6,7.1,50,0,21.4,8.85,834,1.867,16.0,32.89,1.917,2.86,1.104,1.024,0.529,5.0,425,0.234,20.58,90,328,412,566,17.17,834,7.5,2.267,21.4,0.48,2.3,3
4241,Cereal (Post Shredded Wheat Honey Nut),Cereal (Post Shredded Wheat Honey Nut),57241200,0,4,0,83.6,0,20.0,10.7,166,0,8.5,8.5,0,0.7,40.9,20.7,0.6,3.0,1.2,1.2,0.4,2.9,38,0.3,28.0,93,274,348,102,2.5,0,2.5,0.8,0.0,1.2,1.5,3
4242,Cereal (Kellogg's Honey Smacks),Cereal (Kellogg's Honey Smacks),57243000,0,0,0,88.5,0,15.6,5.0,92,0,18.5,5.7,556,1.57,29.1,56.2,1.39,2.9,0.4,0.5,0.5,2.2,14,0.195,1.5,59,213,183,142,1.7,556,5.6,1.85,22.0,0.41,2.8,3
4248,Cereal (Kashi Heart to Heart Honey Toasted Oat),Cereal (Kashi Heart to Heart Honey Toasted Oat),57301530,12,2267,0,78.69,0,19.5,13.7,457,0,1.0,11.39,0,0.07,21.4,15.5,0.31,2.5,1.79,1.79,1.0,5.0,41,0.251,2.4,7,38,243,267,0.1,189,18.0,6.05,91.0,60.97,2.4,3
4249,Cereal (General Mills Kix),Cereal (General Mills Kix),57303100,52,80,0,82.82,0,15.3,8.8,1236,0,24.25,7.69,870,2.0,8.5,9.76,1.955,2.79,0.99,1.277,0.576,3.46,570,0.142,32.0,51,189,223,596,17.42,879,5.7,2.3,25.4,0.3,0.2,3
4250,Cereal (General Mills Honey Kix),Cereal (General Mills Honey Kix),57303105,49,74,0,83.0,0,16.4,8.3,1097,0,21.2,6.4,860,2.29,13.1,18.2,2.29,2.37,1.002,1.5,0.535,3.9,455,0.12,38.2,49,182,212,582,18.2,868,6.4,2.72,27.3,0.0,0.2,3
4251,Cereal (Kellogg's Krave),Cereal (Kellogg's Krave),57303200,0,2,0,82.08,0,27.1,10.1,79,0,21.524,6.19,690,1.829,30.1,33.23,1.61,2.86,0.19,0.571,6.0,6.97,17,0.362,24.86,58,167,259,554,1.33,690,6.48,2.152,64.8,0.5,1.7,3
4252,Cereal (Quaker Life),Cereal (Quaker Life),57304100,1,18,11,77.74,0,24.0,6.6,99,0,17.18,9.98,0,1.49,23.0,19.43,1.28,4.3,1.48,1.42,0.83,4.43,351,0.277,29.33,98,423,283,501,13.78,2,0.0,1.8,0.0,0.61,1.2,3
4253,Cereal (General Mills Lucky Charms),Cereal (General Mills Lucky Charms),57305100,0,0,0,80.89,0,16.1,5.0,92,0,25.3,7.67,847,1.723,14.6,36.13,1.737,4.15,1.586,1.542,0.885,5.02,434,0.213,22.27,74,289,222,648,18.62,847,6.8,3.01,26.6,0.45,1.4,3
4254,Cereal,"Cereal, frosted oat cereal with marshmallows",57305150,0,0,0,84.7,0,16.1,4.3,92,0,17.64,7.1,500,1.5,14.6,36.13,1.32,2.8,1.1,1.28,0.62,3.33,333,0.141,15.0,28,141,207,533,7.94,500,5.29,1.76,20.0,0.45,1.4,3
4255,Cereal (Malt-O-Meal Blueberry Muffin Tops),Cereal (Malt-O-Meal Blueberry Muffin Tops),57305160,0,0,0,81.81,0,26.1,10.9,184,0,9.09,9.09,0,0.76,52.0,20.0,0.68,5.5,0.797,0.721,0.228,1.94,29,0.364,29.45,100,273,327,18,6.82,0,2.73,0.91,0.0,0.86,1.6,3
4256,Cereal (Malt-O-Meal Cinnamon Toasters),Cereal (Malt-O-Meal Cinnamon Toasters),57305165,0,3,2,78.33,0,16.1,5.0,73,0,16.67,3.32,498,1.41,25.3,32.86,1.25,3.0,3.92,4.13,1.85,12.06,333,0.133,30.0,27,250,157,473,12.5,498,5.0,1.66,20.0,0.43,1.6,3
4257,Cereal (Malt-O-Meal Coco-Roos),Cereal (Malt-O-Meal Coco-Roos),57305170,23,35,0,86.75,0,2.6,3.3,543,0,16.67,3.41,477,1.41,5.2,48.11,1.25,2.5,0.887,0.555,2.57,4.61,333,0.319,30.0,27,72,201,350,12.5,481,5.0,1.66,20.0,0.02,0.0,3
4258,Cereal (Malt-O-Meal Colossal Crunch),Cereal (Malt-O-Meal Colossal Crunch),57305174,24,37,0,81.59,0,9.0,1.7,635,0,16.67,3.64,475,1.41,6.0,42.5,1.25,2.5,1.47,0.69,2.24,5.28,0,0.06,30.0,5,57,110,806,12.5,479,5.0,1.66,20.0,0.15,0.0,3
4259,Cereal (Malt-O-Meal Cocoa Dyno-Bites),Cereal (Malt-O-Meal Cocoa Dyno-Bites),57305175,0,0,0,87.93,0,3.4,1.1,1,0,17.23,4.15,776,1.48,8.7,43.15,1.3,3.0,0.25,0.21,2.58,3.43,17,0.162,6.21,28,69,181,534,5.96,776,5.17,1.72,0.0,0.06,0.0,3
4260,Cereal (Malt-O-Meal Corn Bursts),Cereal (Malt-O-Meal Corn Bursts),57305180,30,46,0,90.59,0,4.7,1.9,780,0,32.25,3.32,695,2.74,6.5,46.88,2.42,2.5,0.084,0.157,0.093,0.35,5,0.058,5.8,4,37,71,855,4.84,700,4.84,3.23,48.4,0.07,0.0,3
4261,Cereal (Malt-O-Meal Frosted Flakes),Cereal (Malt-O-Meal Frosted Flakes),57305210,36,54,0,90.2,0,5.4,1.2,763,0,16.12,4.25,448,1.37,5.5,39.27,1.21,3.0,0.171,0.435,0.107,0.87,3,0.12,11.6,12,46,82,451,0.24,454,4.84,1.61,19.4,0.09,0.2,3
4262,Cereal (Malt-O-Meal Fruity Dyno-Bites),Cereal (Malt-O-Meal Fruity Dyno-Bites),57305300,0,0,0,90.1,1,3.4,1.0,0,0,26.5,3.9,1090,2.51,9.0,42.6,1.46,1.2,2.12,0.258,0.64,3.15,3,0.128,7.62,15,67,76,630,5.99,1090,6.9,2.74,1.0,1.27,0.2,3
4263,Cereal (Malt-O-Meal Honey Graham Squares),Cereal (Malt-O-Meal Honey Graham Squares),57305400,13,21,0,85.1,0,15.2,5.6,410,0,16.1,5.3,470,1.4,5.6,35.0,1.2,2.2,1.6,1.0,0.4,3.2,323,0.206,14.5,26,129,206,772,12.1,472,4.8,1.613,19.4,0.64,2.0,3
4264,Cereal (Malt-O-Meal Honey Nut Toasty O's),Cereal (Malt-O-Meal Honey Nut Toasty O's),57305500,0,1,0,79.69,0,20.6,7.1,50,0,21.4,8.85,834,1.867,16.0,32.89,1.917,2.86,1.104,1.024,0.529,5.0,425,0.234,20.58,90,328,412,566,17.17,834,7.5,2.267,21.4,0.48,2.3,3
4265,Cereal (Malt-O-Meal Marshmallow Mateys),Cereal (Malt-O-Meal Marshmallow Mateys),57305600,0,0,0,82.77,0,19.4,4.9,76,0,16.67,6.94,500,1.41,14.6,40.91,1.25,2.19,1.42,1.3,0.719,3.53,333,0.202,30.0,71,232,186,667,12.5,500,5.0,1.66,20.0,0.2,0.9,3
4266,Cereal (Malt-O-Meal Golden Puffs),Cereal (Malt-O-Meal Golden Puffs),57306500,0,0,0,88.5,0,15.6,5.0,92,0,18.5,5.7,556,1.57,29.1,56.2,1.39,2.9,0.4,0.5,0.5,2.2,14,0.195,1.5,59,213,183,142,1.7,556,5.6,1.85,22.0,0.41,2.8,3
4267,Cereal (Malt-O-Meal Toasted Oat Cereal),Cereal (Malt-O-Meal Toasted Oat Cereal),57306700,0,0,0,73.2,0,26.2,10.1,159,0,17.9,12.4,990,0.1,24.9,4.5,1.3,3.76,2.3,2.4,1.6,6.6,357,0.387,28.9,114,357,633,497,13.4,990,6.77,1.79,21.4,0.41,2.0,3
4268,Cereal (Malt-O-Meal Tootie Fruities),Cereal (Malt-O-Meal Tootie Fruities),57306800,24,37,0,85.94,0,5.8,2.2,625,0,15.63,4.69,444,1.33,9.9,45.31,1.16,2.5,1.47,0.976,0.687,3.2,313,0.064,28.12,24,78,104,453,11.72,448,4.69,1.55,18.8,0.01,0.1,3
4269,Cereal,"Cereal, muesli",57308190,7,12,0,74.9,0,22.4,7.7,259,0,9.1,8.6,156,0.76,21.2,25.1,0.68,10.0,2.5,1.39,0.6,5.4,36,0.329,8.19,67,225,324,239,2.59,157,10.89,3.64,0.3,9.82,1.6,3
4270,Cereal (General Mills Cheerios Multigrain),Cereal (General Mills Cheerios Multigrain),57308400,18,28,0,81.4,0,23.6,8.7,404,0,17.2,8.3,499,1.5,27.7,21.2,1.29,2.5,1.2,1.7,0.89,4.09,345,0.265,27.89,55,276,483,401,12.89,502,5.19,1.72,20.7,0.62,1.8,3
4272,Cereal (General Mills Cheerios Oat Cluster Crunch),Cereal (General Mills Cheerios Oat Cluster Crunch),57316380,2,3,0,80.7,0,28.3,7.0,148,0,18.5,8.5,554,1.6,21.1,27.9,1.4,2.6,1.6,1.8,1.0,4.6,296,0.282,16.7,59,222,285,489,13.9,554,5.6,1.852,22.2,0.31,1.4,3
4273,Cereal (General Mills Cheerios Protein),Cereal (General Mills Cheerios Protein),57316385,0,0,0,76.13,0,40.6,7.3,84,0,15.885,12.39,730,0.801,16.5,29.48,1.307,2.94,1.436,1.559,0.929,5.07,325,0.433,20.64,86,363,484,477,12.69,730,5.71,1.634,17.1,0.36,1.7,3
4279,Cereal (Quaker Toasted Oat Bran),Cereal (Quaker Toasted Oat Bran),57327450,9,14,0,74.9,0,24.6,10.2,310,0,9.78,12.38,358,0.82,7.0,16.34,0.72,4.0,1.58,2.04,0.91,5.11,242,0.317,29.9,168,518,438,365,7.72,359,0.0,0.89,11.5,3.11,2.1,3
4280,Cereal (Quaker Oatmeal Squares),Cereal (Quaker Oatmeal Squares),57327500,0,1,0,77.77,0,31.6,8.3,136,0,9.57,11.38,356,0.85,6.9,16.69,0.683,2.75,1.594,1.523,0.873,4.83,201,0.474,29.3,115,371,357,347,7.18,356,0.0,0.88,11.5,4.86,1.6,3
4281,Cereal,"Cereal, raisin bran",57329000,0,2,0,79.64,0,25.7,12.0,110,0,8.485,7.62,316,0.71,22.2,32.97,0.615,8.05,0.353,0.852,0.36,1.74,38,0.454,16.77,152,339,536,424,5.08,316,2.52,0.825,0.4,0.36,1.1,3
4282,Cereal (Kellogg's Raisin Bran),Cereal (Kellogg's Raisin Bran),57330000,0,2,0,77.29,0,24.3,11.4,97,0,13.8,7.72,386,1.08,4.6,31.3,0.753,10.4,0.339,0.949,0.48,2.72,43,0.456,12.33,122,347,653,356,3.39,386,2.0,1.843,0.0,0.66,2.1,3
4284,Cereal (Post Raisin Bran),Cereal (Post Raisin Bran),57331000,0,2,0,78.9,0,27.3,13.7,101,0,8.5,7.6,380,0.7,5.9,32.9,0.6,8.6,0.349,0.796,0.296,1.6,44,0.4,18.3,168,339,525,382,3.8,380,2.5,0.8,0.9,0.54,1.9,3
4286,Cereal (General Mills Reese's Puffs),Cereal (General Mills Reese's Puffs),57335550,27,41,0,75.6,0,18.4,4.7,577,0,17.2,6.8,490,1.5,6.5,35.3,1.3,2.6,4.7,3.7,2.1,11.1,345,0.229,15.5,55,207,244,555,12.9,495,5.2,1.724,20.7,23.64,1.8,3
4287,Cereal (General Mills Chex Rice),Cereal (General Mills Chex Rice),57336000,0,0,0,85.09,0,17.5,2.0,0,0,18.5,6.4,556,1.6,19.6,8.0,1.39,2.59,0.6,0.69,0.5,1.89,370,0.26,33.29,30,148,188,809,13.89,556,5.59,1.85,22.2,0.35,1.0,3
4288,Cereal,"Cereal, rice flakes",57337000,0,0,0,86.22,0,6.0,0.7,0,0,28.967,6.69,1136,1.288,18.0,12.12,2.05,3.62,0.243,0.293,0.36,1.26,5,0.149,32.73,23,98,106,545,1.3,1136,5.45,1.937,64.5,0.06,0.0,3
4289,Cereal (Kellogg's Rice Krispies),Cereal (Kellogg's Rice Krispies),57339000,0,0,0,85.05,0,6.0,0.4,0,0,17.967,6.75,1136,1.29,19.6,9.87,1.77,5.06,0.593,0.626,0.458,2.05,5,0.186,30.42,27,125,125,527,1.39,1136,7.23,2.35,63.3,26.64,0.0,3
4290,Cereal (Kellogg's Rice Krispies Treats Cereal),Cereal (Kellogg's Rice Krispies Treats Cereal),57339500,0,0,0,85.59,1,2.5,0.4,0,0,16.7,4.3,500,1.41,5.7,29.6,1.25,3.5,1.2,0.2,0.89,4.19,10,0.107,6.0,21,62,51,567,0.69,500,5.0,1.66,20.0,0.36,1.0,3
4292,Cereal (Kellogg's Smart Start Strong),Cereal (Kellogg's Smart Start Strong),57341200,0,150,0,86.8,0,14.9,5.4,80,0,40.0,7.5,675,3.4,28.7,27.79,3.0,2.5,0.1,0.5,0.3,1.5,29,0.263,36.0,29,131,182,398,30.0,688,12.0,4.0,30.0,27.0,1.1,3
4293,Cereal (Kellogg's Smorz),Cereal (Kellogg's Smorz),57341300,0,0,0,87.2,0,4.5,3.8,0,0,17.637,3.34,1324,1.499,6.5,43.7,1.323,3.42,2.079,0.231,0.961,3.5,70,0.24,15.87,36,141,176,534,0.56,1324,5.29,1.764,52.9,0.11,0.6,3
4294,Cereal (Kellogg's Special K),Cereal (Kellogg's Special K),57344000,0,0,0,73.4,0,11.0,1.4,0,0,22.6,17.79,500,1.91,54.9,12.69,1.69,3.0,0.3,0.4,0.4,1.79,23,0.179,28.0,12,48,53,667,0.69,500,19.4,6.44,68.0,15.3,0.1,3
4295,Cereal (Kellogg's Special K Blueberry),Cereal (Kellogg's Special K Blueberry),57344001,2,11,2,86.3,0,16.8,8.6,140,0,23.3,6.9,744,1.98,25.9,26.7,1.75,3.5,0.1,0.5,0.4,1.5,18,0.338,27.0,55,164,204,481,1.3,745,7.0,2.33,70.0,0.0,5.3,3
4296,Cereal (Kellogg's Special K Chocolatey Delight),Cereal (Kellogg's Special K Chocolatey Delight),57344005,0,2,0,81.2,0,28.5,10.6,83,0,22.6,6.5,725,1.92,31.6,29.9,1.69,3.0,0.2,0.6,6.3,7.3,18,0.38,26.1,61,175,272,582,1.4,725,6.8,2.26,68.0,0.53,1.8,3
4297,Cereal (Kellogg's Special K Red Berries),Cereal (Kellogg's Special K Red Berries),57344010,0,3,0,87.09,0,14.3,8.5,66,0,22.6,6.3,498,1.91,13.0,29.7,1.69,3.0,0.3,0.5,0.3,1.29,24,0.246,26.1,59,166,229,619,1.29,499,6.8,2.25,68.0,15.3,1.2,3
4298,Cereal (Kellogg's Special K Fruit & Yogurt),Cereal (Kellogg's Special K Fruit & Yogurt),57344015,0,2,0,85.3,0,18.2,8.1,82,0,21.9,7.1,702,1.86,29.5,32.1,1.64,3.0,0.1,0.3,1.4,2.9,27,0.313,25.3,51,157,188,452,1.2,702,6.6,2.19,66.0,0.0,1.2,3
4299,Cereal (Kellogg's Special K Vanilla Almond),Cereal (Kellogg's Special K Vanilla Almond),57344020,0,2,0,83.0,0,17.4,9.6,73,0,23.29,7.8,749,1.98,28.5,29.2,1.75,3.0,2.0,1.1,0.4,4.0,34,0.279,27.0,74,204,254,559,1.6,749,7.0,2.32,70.0,1.64,0.7,3
4300,Cereal (Kellogg's Special K Cinnamon Pecan),Cereal (Kellogg's Special K Cinnamon Pecan),57344025,0,0,0,81.2,0,18.7,10.3,85,0,23.3,7.5,750,1.98,29.2,24.0,1.75,3.0,2.8,2.1,0.7,6.0,30,0.312,27.0,67,191,267,650,1.5,750,7.0,2.33,70.0,0.44,0.9,3
4301,Cereal (Kellogg's Corn Pops),Cereal (Kellogg's Corn Pops),57347000,39,60,0,89.7,0,7.1,8.4,1066,0,16.7,4.8,460,1.42,6.5,31.3,1.25,3.0,0.2,0.5,0.5,1.3,7,0.083,6.0,28,52,113,357,5.0,467,5.0,1.67,20.0,0.12,0.0,3
4302,Cereal,"Cereal, frosted corn flakes",57348000,36,54,0,90.2,0,5.4,1.2,763,0,16.12,4.25,448,1.37,5.5,39.27,1.21,3.0,0.171,0.435,0.107,0.87,3,0.12,11.6,12,46,82,451,0.24,454,4.84,1.61,19.4,0.09,0.2,3
4303,Cereal (Kellogg's Frosted Flakes),Cereal (Kellogg's Frosted Flakes),57349000,5,21,40,89.2,0,1.9,2.2,676,0,27.667,3.96,446,1.73,3.3,35.43,1.903,4.18,0.265,0.669,0.451,1.68,3,0.039,26.7,8,47,76,468,0.15,450,8.1,3.573,24.2,0.07,0.2,3
4304,Cereal (Post Golden Crisp),Cereal (Post Golden Crisp),57355000,0,2,0,90.1,0,13.8,5.0,92,0,18.5,5.5,832,1.6,48.6,53.6,1.4,1.4,0.6,0.6,0.2,1.7,15,0.2,6.7,59,227,176,95,5.6,832,5.6,1.9,0.0,0.33,0.9,3
4305,Cereal,"Cereal, toasted oat",57401100,0,0,0,75.96,0,14.9,10.7,132,0,17.857,10.71,1071,1.518,47.0,3.57,1.339,3.68,1.786,1.786,0.926,5.36,357,0.429,32.14,143,536,607,571,13.39,1071,5.36,1.786,21.4,0.43,1.3,3
4306,Cereal (General Mills Trix),Cereal (General Mills Trix),57407100,41,62,0,86.19,0,10.7,3.9,951,0,18.79,4.9,662,1.89,6.5,32.0,1.6,1.89,1.79,1.39,0.5,3.79,313,0.117,16.89,25,188,162,500,14.1,669,4.69,2.18,18.8,0.5,1.3,3
4308,Cereal (General Mills Chex Wheat),Cereal (General Mills Chex Wheat),57411000,0,5,0,82.2,0,28.5,12.2,191,0,10.6,9.8,317,0.9,5.0,10.3,0.8,2.5,0.3,1.0,0.4,1.8,213,0.397,30.6,85,319,369,570,11.2,317,3.2,1.064,12.8,0.68,1.8,3
4309,Wheat germ,"Wheat germ, plain",57412000,0,62,0,49.6,0,178.6,15.1,790,0,5.59,29.1,0,0.82,65.0,7.8,1.67,5.6,1.5,6.62,1.83,10.7,45,0.62,9.09,320,1146,947,4,16.67,5,0.0,0.978,6.0,15.99,4.0,3
4311,Cereal,"Cereal, puffed wheat, sweetened",57416010,0,0,0,88.5,0,15.6,5.0,92,0,18.5,5.7,556,1.57,29.1,56.2,1.39,2.9,0.4,0.5,0.5,2.2,14,0.195,1.5,59,213,183,142,1.7,556,5.6,1.85,22.0,0.41,2.8,3
4313,Cereal (General Mills Wheaties),Cereal (General Mills Wheaties),57418000,0,4,0,83.3,0,32.9,10.1,178,0,37.0,8.3,553,3.1,4.7,15.2,2.8,2.6,0.4,1.2,0.5,2.3,74,0.267,33.3,89,296,328,732,27.8,554,11.1,3.704,22.2,0.64,1.7,3
4314,Wheat bran,"Wheat bran, unprocessed",57601100,0,6,0,64.51,0,74.4,42.8,240,0,13.578,15.55,0,0.577,77.6,0.41,0.523,9.89,0.637,2.212,0.63,4.25,73,0.998,10.57,611,1013,1182,2,7.27,0,0.0,1.303,0.0,1.49,1.9,3
4317,Barley cereal,"Barley cereal, baby food, dry, instant",57801000,0,0,0,69.4,0,45.4,6.6,170,0,14.28,13.2,0,1.07,30.2,13.2,0.892,6.8,1.45,3.859,0.894,6.6,643,0.467,48.21,115,333,467,33,3.13,0,3.57,0.714,0.0,5.0,2.3,3
4318,Mixed cereal,"Mixed cereal, baby food, dry, instant",57803000,0,0,0,78.21,0,23.2,6.7,148,0,15.0,6.66,0,1.333,25.9,26.66,1.166,6.7,1.206,1.697,0.769,6.66,800,0.334,30.0,100,333,467,33,10.66,0,5.0,1.166,58.3,4.21,1.5,3
4319,Oatmeal cereal,"Oatmeal cereal, baby food, dry, instant",57804000,0,0,0,73.48,0,27.0,7.3,185,0,21.348,10.99,0,1.586,23.4,11.67,1.431,4.56,1.564,1.748,0.841,6.36,1160,0.419,64.1,110,506,549,21,12.68,0,4.6,0.853,0.0,12.23,1.4,3
4320,Rice cereal,"Rice cereal, baby food, dry, instant",57805000,0,0,0,83.14,0,18.0,1.3,0,0,23.006,6.65,0,1.459,5.0,4.85,1.195,5.13,0.42,0.784,0.234,2.19,860,0.231,53.01,37,273,281,32,10.92,0,4.6,0.885,2.4,5.0,0.5,3
4321,Rice cereal with apples,"Rice cereal with apples, baby food, dry, instant",57805080,0,4,3,86.89,0,10.1,3.0,8,0,20.0,6.7,0,1.5,11.6,3.22,1.3,3.2,0.615,0.92,0.503,2.4,850,0.373,37.0,15,423,410,16,1.4,0,0.0,0.09,0.0,0.22,1.5,3
4322,Rice cereal with mixed fruits,"Rice cereal with mixed fruits, baby food, dry, instant",57805090,0,0,0,88.5,0,6.6,2.6,1,0,25.24,6.6,0,1.88,16.3,1.35,1.6,2.0,0.252,0.231,0.185,0.9,38,0.377,9.0,37,253,414,2,3.3,0,0.0,0.09,250.0,0.13,0.3,3
4323,Rice cereal with bananas,"Rice cereal with bananas, baby food, dry, instant",57805100,11,12,0,79.9,0,25.8,1.0,39,0,23.32,8.7,0,3.8,11.6,16.7,3.97,4.7,0.986,1.503,0.978,4.2,691,0.254,47.5,141,410,769,0,1.5,1,0.0,0.686,2.0,0.37,3.8,3
4324,Brown rice cereal,"Brown rice cereal, baby food, dry, instant",57805500,0,0,0,85.98,0,33.4,6.5,0,0,16.0,8.7,0,0.17,23.4,0.72,0.93,1.0,1.085,1.072,0.61,3.0,55,0.368,47.6,28,272,386,12,0.0,0,0.0,0.98,0.0,0.65,0.7,3
4325,Mixed cereal with bananas,"Mixed cereal with bananas, baby food, dry, instant",57806000,49,51,0,77.1,0,28.6,7.8,96,0,20.56,10.7,0,3.56,20.0,6.68,3.78,4.5,1.223,1.734,0.846,4.6,696,0.256,47.5,90,367,668,0,1.4,6,0.24,0.408,3.6,0.51,3.5,3
4326,Multigrain,"Multigrain, whole grain cereal, baby food, dry, instant",57806050,0,0,0,80.06,0,27.1,6.7,64,0,15.0,6.67,0,1.33,31.7,26.67,1.166,4.58,1.291,2.596,1.058,6.67,800,0.225,30.0,95,333,467,33,10.67,0,4.69,1.166,58.3,4.22,7.0,3
4327,Oatmeal cereal with bananas,"Oatmeal cereal with bananas, baby food, dry, instant",57806100,0,0,0,78.07,0,28.7,5.2,157,0,13.0,6.67,0,1.0,20.5,26.66,0.833,4.7,1.429,2.186,1.267,6.67,800,0.391,45.0,118,267,600,33,1.9,0,3.33,0.66,58.3,5.0,3.0,3
4329,Whole wheat cereal with apples,"Whole wheat cereal with apples, baby food, dry, instant",57807010,0,0,0,83.2,0,42.1,6.7,203,0,13.33,6.6,0,1.0,64.7,26.66,0.33,1.7,1.277,1.866,0.639,4.8,600,0.62,45.0,140,200,500,66,2.6,0,3.33,0.66,58.3,5.0,8.3,3
4336,Gerber Graduates Finger Snacks Cereal,"Gerber Graduates Finger Snacks Cereal, baby food",57830100,0,0,0,76.68,0,22.9,2.3,11,0,11.25,6.4,0,1.6,37.5,28.0,1.4,3.7,3.13,3.638,1.646,9.9,400,0.22,22.5,27,709,114,0,4.0,0,0.0,0.05,10.0,3.9,15.0,3
5774,Sun-dried tomatoes,Sun-dried tomatoes,74206000,0,524,0,55.76,0,104.6,12.3,1419,45902,9.05,14.11,0,0.489,5.5,37.59,0.528,14.56,0.487,1.115,0.426,2.97,110,1.423,9.09,194,356,3427,107,1.99,44,0.0,0.332,39.2,0.01,43.0,3
6064,Seaweed,"Seaweed, dried",75232000,0,171,0,52.39,0,64.6,5.6,0,0,6.511,31.84,0,1.946,7.3,3.04,1.195,6.68,0.351,1.091,1.356,4.01,372,3.355,24.95,482,85,1244,575,3.9,14,0.0,0.334,5.0,5.0,25.0,3
6084,Yeast,Yeast,75236000,0,0,0,41.22,0,32.0,26.9,0,0,40.2,40.44,0,4.0,7.9,0.0,10.99,5.08,4.309,0.017,1.001,7.61,30,0.436,2.17,54,637,955,51,7.94,0,0.07,1.5,0.3,0.0,0.4,3
6085,Yeast extract spread,Yeast extract spread,75236500,0,0,0,20.42,0,65.1,6.5,0,0,127.5,23.88,0,17.5,27.6,1.6,23.375,40.9,0.0,0.0,0.0,0.9,67,0.245,4.04,180,104,2100,3380,4.19,0,0.5,0.0,0.0,0.0,0.0,3
6734,Coffee,"Coffee, instant, not reconstituted",92191100,0,0,0,75.4,0,101.9,0.0,0,0,28.173,12.2,0,0.074,12.6,0.0,0.008,3.1,0.041,0.196,0.197,0.5,141,0.139,4.41,327,303,3535,37,0.35,0,0.0,0.029,0.0,0.0,1.9,3
6735,Coffee,"Coffee, instant, 50% less caffeine, not reconstituted",92191105,0,0,0,73.18,0,101.9,0.0,0,0,28.173,14.42,0,0.074,12.6,0.0,0.008,3.1,0.041,0.196,0.197,0.5,141,0.139,4.41,327,303,3535,37,0.35,0,0.0,0.029,0.0,0.0,1.9,3
6736,Coffee,"Coffee, instant, decaffeinated, not reconstituted",92191200,0,0,0,76.0,0,101.9,0.0,0,0,28.075,11.6,0,1.36,17.3,0.0,0.0,3.2,0.021,0.101,0.101,0.2,140,0.069,3.8,311,286,3501,23,0.11,0,0.0,0.0,0.0,0.0,1.9,3
6749,Coffee substitute,"Coffee substitute, dry powder",92291300,0,5,0,78.42,0,13.4,23.3,194,0,17.664,6.01,0,0.095,64.1,4.63,0.413,7.99,0.356,1.225,0.603,2.52,58,0.208,4.6,244,580,2443,83,0.51,0,0.0,0.747,0.0,0.98,1.6,3
6769,Tea,"Tea, iced, instant, black, unsweetened, dry",92307000,0,0,0,58.66,0,118.3,8.5,0,0,10.8,20.21,0,0.985,5.3,5.53,0.0,5.09,0.0,0.0,0.0,0.0,118,0.55,2.26,272,239,6040,72,1.69,0,0.0,0.356,0.0,0.0,0.0,3
6881,Fruit flavored drink,"Fruit flavored drink, powdered, not reconstituted, diet",92900200,0,0,0,87.38,0,0.1,0.1,0,0,0.0,0.45,0,0.0,0.0,0.0,0.0,1.84,0.0,0.0,0.0,0.04,1047,0.0,0.08,3,1239,498,404,0.0,0,0.0,0.0,560.0,0.0,0.0,3
7008,Nutritional powder mix (Carnation Instant Breakfast),Nutritional powder mix (Carnation Instant Breakfast),95201000,0,0,0,66.2,12,148.4,0.4,0,0,14.24,19.9,625,0.2,12.1,65.8,0.85,7.4,0.314,0.278,0.56,1.4,285,1.425,12.82,228,427,947,385,8.55,625,1.71,1.14,76.9,9.37,90.0,3
7009,Nutritional powder mix,"Nutritional powder mix, sugar free (Carnation Instant Breakfast)",95201010,0,5,0,41.0,44,266.9,2.0,0,0,25.6,35.8,2686,0.35,21.8,39.0,1.5,7.4,1.189,1.027,2.162,5.1,500,2.6,2.3,410,500,1705,717,15.4,2686,3.1,2.0,138.0,16.88,120.0,3
7012,Nutritional powder mix,"Nutritional powder mix, high protein (Herbalife)",95201500,0,0,0,20.38,0,179.7,0.0,0,0,25.0,53.57,1875,2.125,87.5,3.57,2.143,8.3,2.907,7.268,0.0,10.71,714,2.5,22.5,500,1429,1000,1214,18.75,1875,6.43,2.5,75.0,16.88,125.0,3
7013,Nutritional powder mix (Isopure),Nutritional powder mix (Isopure),95201600,0,1,0,29.07,12,225.0,0.0,0,0,11.628,58.14,872,0.988,40.7,1.16,0.872,0.86,0.149,0.021,0.581,1.16,698,1.163,1.26,233,581,872,372,8.72,872,3.49,1.163,34.9,7.85,46.5,3
7014,Nutritional powder mix (Kellogg's Special K20 Protein Water),Nutritional powder mix (Kellogg's Special K20 Protein Water),95201700,0,0,0,58.4,4,76.7,37.5,0,0,27.65,35.2,2,0.0,0.0,2.0,0.0,3.95,0.146,0.4,0.236,0.6,115,0.0,2.0,7,69,490,280,0.0,2,8.3,2.8,0.0,0.0,0.0,3
7015,Nutritional powder mix (Muscle Milk),Nutritional powder mix (Muscle Milk),95202000,0,0,0,18.5,21,81.6,7.1,0,0,10.0,45.71,750,0.857,33.8,5.71,0.714,15.0,12.105,1.77,1.553,17.14,500,1.0,8.57,200,643,1129,329,7.14,750,3.0,1.0,30.0,7.07,0.5,3
7016,Nutritional powder mix,"Nutritional powder mix, light (Muscle Milk)",95202010,0,0,0,22.0,10,81.6,2.0,0,0,14.0,50.0,1050,1.2,33.8,4.0,1.0,12.0,8.474,1.239,1.087,12.0,1200,1.4,12.0,280,700,840,250,10.0,1050,4.2,1.4,42.0,9.45,0.5,3
7017,Nutritional powder mix (Slim Fast),Nutritional powder mix (Slim Fast),95210000,0,1,0,73.92,5,3.4,18.1,0,0,38.462,8.13,1034,0.654,67.3,38.02,1.442,1.99,10.51,1.19,1.45,13.34,364,0.769,0.68,385,385,247,472,17.31,1034,8.08,2.308,1.3,51.92,96.2,3
7018,Nutritional powder mix,"Nutritional powder mix, sugar free (Slim Fast)",95210010,0,1,0,73.92,5,3.4,18.1,0,0,38.462,8.13,1034,0.654,67.3,38.02,1.442,1.99,10.51,1.19,1.45,13.34,364,0.769,0.68,385,385,247,472,17.31,1034,8.08,2.308,1.3,51.92,96.2,3
7019,Nutritional powder mix,"Nutritional powder mix, high protein (Slim Fast)",95210020,0,1,0,50.0,6,3.4,18.2,0,0,38.442,27.87,865,0.654,67.5,20.59,1.499,5.4,8.93,1.049,1.333,13.46,1039,0.769,24.84,473,563,752,495,17.29,865,8.07,2.307,103.8,51.92,0.1,3
7020,Nutritional powder mix,"Nutritional powder mix, NFS",95220000,0,0,0,66.2,12,148.4,0.4,0,0,14.24,19.9,625,0.2,12.1,65.8,0.85,7.4,0.314,0.278,0.56,1.4,285,1.425,12.82,228,427,947,385,8.55,625,1.71,1.14,76.9,9.37,90.0,3
7021,Nutritional powder mix,"Nutritional powder mix, high protein, NFS",95220010,0,0,0,20.38,0,179.7,0.0,0,0,25.0,53.57,1875,2.125,87.5,3.57,2.143,8.3,2.907,7.268,0.0,10.71,714,2.5,22.5,500,1429,1000,1214,18.75,1875,6.43,2.5,75.0,16.88,125.0,3
7024,Nutritional powder mix,"Nutritional powder mix, protein, light, NFS",95230020,0,0,0,22.0,10,81.6,2.0,0,0,14.0,50.0,1050,1.2,33.8,4.0,1.0,12.0,8.474,1.239,1.087,12.0,1200,1.4,12.0,280,700,840,250,10.0,1050,4.2,1.4,42.0,9.45,0.5,3
